id_funcionario,idade,departamento,cargo,salario,tempo_empresa,satisfacao,faltas,avaliacao,status
1,58,Financeiro,Assistente,9041,8,3,17,3,Ativo
2,48,TI,Analista,2753,14,3,6,2,Desligado
3,34,TI,Assistente,4339,8,1,7,3,Ativo
4,27,Vendas,Assistente,8856,5,5,0,2,Ativo
5,40,Financeiro,Analista,3342,14,4,2,1,Ativo
6,58,Marketing,Gerente,7093,7,4,7,3,Ativo
7,38,Financeiro,Assistente,2991,13,2,14,4,Ativo
8,42,Vendas,Coordenador,8113,10,5,4,4,Ativo
9,30,Vendas,Assistente,8738,14,3,2,5,Desligado
10,30,Financeiro,Analista,4481,15,1,18,2,Ativo
11,43,Vendas,Analista,3340,12,2,0,3,Ativo
12,55,Financeiro,Analista,7972,0,4,14,5,Ativo
13,59,RH,Gerente,7341,9,3,7,3,Ativo
14,43,Financeiro,Assistente,3165,3,3,1,2,Ativo
15,22,Financeiro,Gerente,9294,0,1,2,4,Ativo
16,41,Vendas,Gerente,6112,7,4,13,1,Desligado
17,21,Vendas,Analista,3124,0,5,13,4,Desligado
18,43,TI,Analista,4941,2,3,10,5,Ativo
19,49,TI,Gerente,9219,12,1,15,1,Ativo
20,57,RH,Assistente,5286,3,5,3,5,Ativo
21,21,TI,Coordenador,3610,14,4,19,2,Ativo
22,40,Financeiro,Gerente,8388,14,3,4,1,Ativo
23,52,Vendas,Assistente,4723,14,5,20,5,Ativo
24,31,TI,Analista,7101,7,5,13,2,Desligado
25,41,TI,Analista,5986,5,5,15,4,Ativo
26,44,RH,Assistente,7777,13,3,17,2,Desligado
27,46,RH,Coordenador,6068,9,3,6,3,Ativo
28,47,Financeiro,Analista,6548,11,2,9,2,Ativo
29,35,Vendas,Analista,6649,6,4,6,2,Ativo
30,34,RH,Analista,5509,13,1,0,3,Ativo
31,22,TI,Assistente,8419,7,5,20,5,Desligado
32,56,Vendas,Gerente,4872,1,2,18,5,Ativo
33,26,Vendas,Analista,8330,12,1,15,2,Desligado
34,40,TI,Gerente,2304,9,2,18,3,Ativo
35,28,RH,Coordenador,3014,13,3,3,3,Desligado
36,58,TI,Analista,3331,10,5,17,4,Ativo
37,37,Vendas,Analista,9376,7,1,1,5,Desligado
38,23,Marketing,Coordenador,2623,2,1,0,1,Ativo
39,44,Marketing,Analista,2728,6,1,14,5,Ativo
40,33,Financeiro,Gerente,6829,2,1,4,5,Ativo
41,28,TI,Assistente,1933,14,1,19,4,Desligado
42,45,TI,Gerente,3905,6,2,10,1,Desligado
43,21,Financeiro,Assistente,5427,13,5,9,4,Ativo
44,39,Financeiro,Assistente,8116,10,3,1,1,Ativo
45,47,Financeiro,Gerente,3652,14,3,2,2,Desligado
46,26,Vendas,Gerente,6710,11,3,11,1,Desligado
47,27,TI,Gerente,5975,12,3,19,4,Desligado
48,54,Vendas,Gerente,7148,1,2,4,5,Ativo
49,33,Financeiro,Coordenador,7990,9,4,4,1,Ativo
50,36,TI,Analista,3056,5,5,5,1,Ativo
51,55,Vendas,Assistente,5176,2,1,8,3,Ativo
52,59,Vendas,Gerente,7445,2,4,1,5,Ativo
53,23,Financeiro,Gerente,5286,14,3,20,2,Ativo
54,21,TI,Gerente,5384,15,4,11,4,Ativo
55,25,Financeiro,Coordenador,9853,8,5,2,2,Desligado
56,23,TI,Gerente,5130,6,1,19,5,Ativo
57,48,Marketing,Gerente,4503,4,1,11,1,Ativo
58,37,RH,Gerente,9920,11,5,16,1,Ativo
59,45,RH,Analista,8914,9,5,9,5,Ativo
60,53,RH,Coordenador,3153,6,3,13,1,Ativo
61,29,Financeiro,Gerente,6863,8,1,16,1,Ativo
62,55,Marketing,Assistente,9375,0,4,17,1,Ativo
63,33,TI,Assistente,2467,6,2,18,4,Ativo
64,50,Vendas,Assistente,6268,5,2,16,4,Ativo
65,34,TI,Coordenador,8619,9,5,13,3,Ativo
66,27,Vendas,Coordenador,5519,13,3,8,2,Ativo
67,33,TI,Assistente,4545,11,2,7,5,Ativo
68,42,Marketing,Gerente,9283,8,1,1,5,Ativo
69,59,Vendas,Coordenador,2339,0,5,12,5,Desligado
70,40,Financeiro,Assistente,6764,12,4,6,3,Desligado
71,35,TI,Assistente,6635,3,5,8,4,Ativo
72,37,TI,Gerente,5575,8,4,10,3,Ativo
73,43,Vendas,Analista,7842,3,5,13,5,Ativo
74,45,Financeiro,Coordenador,8902,9,5,3,2,Ativo
75,44,Financeiro,Gerente,9112,2,5,12,1,Ativo
76,60,Marketing,Assistente,7120,8,4,1,4,Ativo
77,48,Financeiro,Assistente,7932,12,4,4,4,Ativo
78,34,Financeiro,Gerente,9691,1,5,10,3,Ativo
79,20,Financeiro,Coordenador,4579,14,2,5,4,Ativo
80,44,RH,Analista,2724,3,3,17,5,Ativo
81,26,Marketing,Analista,3381,14,3,20,5,Ativo
82,28,TI,Assistente,9514,5,3,9,3,Ativo
83,43,Vendas,Coordenador,5124,1,4,3,5,Ativo
84,20,TI,Analista,7513,14,4,8,2,Desligado
85,27,Marketing,Coordenador,8826,7,2,5,3,Ativo
86,43,Vendas,Coordenador,2055,7,3,1,2,Ativo
87,30,Marketing,Assistente,6604,0,3,16,1,Ativo
88,36,Financeiro,Analista,3638,11,5,4,2,Ativo
89,27,Vendas,Gerente,1809,2,4,5,1,Desligado
90,54,Financeiro,Assistente,4671,9,3,11,1,Ativo
91,54,TI,Analista,9209,8,2,20,2,Ativo
92,52,TI,Analista,9218,4,2,9,3,Ativo
93,24,Vendas,Analista,6924,5,3,20,5,Desligado
94,58,Vendas,Analista,2815,3,4,5,5,Desligado
95,60,Marketing,Analista,3993,9,2,7,1,Ativo
96,47,Marketing,Coordenador,9249,15,5,1,1,Ativo
97,26,Financeiro,Assistente,5958,1,2,11,3,Ativo
98,28,Vendas,Coordenador,5725,10,1,12,4,Ativo
99,27,TI,Gerente,8770,7,1,20,2,Ativo
100,31,Marketing,Analista,8738,10,4,6,1,Ativo
101,53,Marketing,Assistente,6584,12,3,9,5,Ativo
102,52,TI,Analista,5800,5,4,12,3,Ativo
103,42,Marketing,Assistente,3433,4,4,16,2,Ativo
104,43,Financeiro,Coordenador,9066,8,4,20,3,Ativo
105,56,Vendas,Assistente,2184,0,4,13,2,Desligado
106,54,TI,Gerente,2204,4,5,1,2,Ativo
107,59,Vendas,Gerente,9975,5,5,10,1,Ativo
108,41,Marketing,Assistente,3800,4,2,0,3,Desligado
109,46,Marketing,Assistente,7789,5,1,18,3,Ativo
110,54,TI,Assistente,3260,5,4,20,5,Desligado
111,20,Financeiro,Assistente,8990,6,2,3,5,Ativo
112,54,RH,Gerente,8940,15,1,18,1,Ativo
113,56,TI,Analista,5436,3,3,20,1,Desligado
114,33,RH,Assistente,6609,13,5,10,4,Ativo
115,22,RH,Assistente,5978,10,1,7,5,Ativo
116,20,Financeiro,Gerente,9045,13,3,10,2,Desligado
117,24,RH,Gerente,8400,13,1,3,3,Ativo
118,45,RH,Coordenador,7797,13,5,16,1,Ativo
119,33,Financeiro,Assistente,3848,14,5,6,3,Desligado
120,58,RH,Coordenador,6580,7,2,7,3,Ativo
121,46,RH,Gerente,2516,6,4,2,4,Desligado
122,28,RH,Gerente,9739,8,1,1,5,Ativo
123,34,TI,Analista,7365,6,1,14,1,Ativo
124,34,TI,Assistente,6344,2,3,4,3,Ativo
125,45,TI,Coordenador,6776,2,5,0,1,Ativo
126,32,Financeiro,Gerente,5219,14,1,3,2,Desligado
127,51,Marketing,Gerente,9039,7,5,14,4,Desligado
128,58,RH,Coordenador,2049,4,1,19,2,Ativo
129,51,RH,Analista,2570,3,2,18,1,Ativo
130,23,Financeiro,Gerente,6163,7,4,2,1,Ativo
131,49,RH,Assistente,2877,14,1,19,5,Ativo
132,56,TI,Gerente,9701,5,5,10,3,Ativo
133,42,Marketing,Assistente,6658,1,2,16,3,Ativo
134,58,Vendas,Coordenador,8344,3,1,12,2,Ativo
135,34,RH,Assistente,6519,11,3,10,4,Ativo
136,48,TI,Coordenador,4614,10,4,1,3,Ativo
137,55,Vendas,Assistente,5174,3,1,8,5,Ativo
138,32,Marketing,Coordenador,3052,14,2,1,2,Ativo
139,51,Vendas,Assistente,8796,5,3,20,2,Ativo
140,26,TI,Analista,6473,5,2,8,5,Ativo
141,41,Vendas,Assistente,6330,0,2,8,4,Ativo
142,47,Financeiro,Assistente,8681,13,3,7,5,Ativo
143,21,Vendas,Analista,8749,7,2,16,4,Ativo
144,25,RH,Gerente,8041,5,3,0,5,Ativo
145,47,RH,Gerente,9817,2,1,10,5,Ativo
146,47,Financeiro,Assistente,8741,13,3,7,1,Ativo
147,39,TI,Analista,8802,8,3,9,2,Ativo
148,49,RH,Assistente,3131,1,4,6,5,Desligado
149,30,Marketing,Coordenador,6061,14,3,2,5,Ativo
150,47,RH,Coordenador,9448,10,3,2,3,Ativo
151,44,RH,Assistente,6915,7,1,17,2,Ativo
152,58,TI,Gerente,6437,9,4,4,3,Ativo
153,52,Vendas,Gerente,6654,2,5,11,2,Ativo
154,20,RH,Assistente,4977,12,1,11,3,Ativo
155,46,Financeiro,Assistente,9530,11,1,18,5,Ativo
156,32,Vendas,Coordenador,3980,4,5,5,5,Ativo
157,60,Marketing,Gerente,6692,5,3,1,1,Ativo
158,22,TI,Assistente,8843,9,2,11,3,Ativo
159,58,Marketing,Coordenador,1937,5,4,18,4,Ativo
160,25,Vendas,Gerente,8127,3,2,4,1,Ativo
161,27,Vendas,Analista,5272,2,5,11,3,Ativo
162,46,Vendas,Coordenador,7249,3,1,16,3,Desligado
163,28,Marketing,Gerente,4632,0,1,16,1,Ativo
164,56,Vendas,Gerente,5379,3,4,9,5,Desligado
165,52,Marketing,Coordenador,7771,0,1,16,3,Ativo
166,43,Vendas,Analista,5964,11,1,14,5,Desligado
167,34,Financeiro,Coordenador,9741,14,4,11,1,Ativo
168,51,Vendas,Gerente,7369,0,4,15,5,Ativo
169,51,Marketing,Assistente,6100,9,5,18,2,Ativo
170,43,RH,Assistente,8069,13,1,7,4,Ativo
171,60,Vendas,Coordenador,5618,15,1,20,3,Ativo
172,31,RH,Gerente,3706,5,5,16,4,Ativo
173,58,Financeiro,Assistente,8054,4,3,4,5,Ativo
174,21,TI,Gerente,2560,13,3,15,3,Ativo
175,22,Financeiro,Coordenador,9630,10,3,5,5,Ativo
176,56,Vendas,Assistente,9150,14,5,7,2,Ativo
177,36,RH,Gerente,8038,3,1,17,1,Ativo
178,21,RH,Assistente,7890,12,5,11,3,Ativo
179,21,Marketing,Coordenador,7831,10,5,14,2,Ativo
180,47,RH,Gerente,9487,2,3,8,2,Desligado
181,42,Marketing,Assistente,3687,0,2,12,3,Ativo
182,56,TI,Coordenador,5066,5,1,14,5,Ativo
183,51,Vendas,Assistente,2466,1,3,9,2,Ativo
184,52,Marketing,Assistente,5988,7,2,15,4,Ativo
185,20,TI,Analista,2471,9,2,6,2,Desligado
186,38,RH,Analista,8577,4,4,16,5,Ativo
187,21,RH,Coordenador,9370,6,1,20,5,Ativo
188,45,TI,Analista,9756,9,2,6,4,Ativo
189,51,RH,Coordenador,6924,11,3,13,2,Ativo
190,25,TI,Analista,7385,1,4,14,5,Ativo
191,51,Marketing,Assistente,6577,12,1,20,3,Ativo
192,23,Marketing,Coordenador,5700,7,5,6,1,Ativo
193,30,TI,Coordenador,8477,1,3,8,1,Ativo
194,36,Marketing,Assistente,8781,3,2,18,1,Ativo
195,57,Marketing,Coordenador,8176,0,2,15,2,Ativo
196,43,Marketing,Coordenador,2323,14,3,7,4,Ativo
197,24,Financeiro,Analista,4193,4,2,17,5,Ativo
198,53,Vendas,Coordenador,4393,8,4,17,3,Ativo
199,25,RH,Gerente,9040,0,1,19,3,Ativo
200,41,Financeiro,Assistente,8737,8,4,6,2,Ativo
